task_id,task_name,description,priority,status,assigned_user,deadline
1,Memory class recently,Condition pass science unit admit lawyer share prepare of fill organization foot.,Low,Completed,Joe,11/11/2025
2,Election unit feeling,Few plan goal myself response into information born.,High,Completed,Alexandria,10/28/2025
3,Live security,Establish begin candidate always resource player service design middle mother.,High,Pending,Krista,11/2/2025
4,Mrs finish,Capital late production perform today sometimes pass huge minute fight language enter then.,Low,In Progress,Angela,11/10/2025
5,More fight character we,Avoid herself occur single general huge answer research of.,Medium,Completed,Jennifer,11/7/2025
6,Whom send American,Clear site do sister sea reveal summer father.,High,Pending,James,10/28/2025
7,Woman color catch,Letter health water behind media Congress care oil.,Medium,In Progress,Mary,11/3/2025
8,Soon order,Owner art today never town citizen ready crime set each.,Low,Pending,Stacie,11/6/2025
9,Plant measure attack,Of despite local understand forget brother simple.,Medium,Completed,Alicia,11/12/2025
10,Effort unit management,On nice two week else but crime provide view red notice.,Low,In Progress,John,11/2/2025
11,Performance include,Really shake share above president deep apply race pressure stand good wind.,Medium,Pending,Glenn,11/13/2025
12,Prevent purpose,Space material throughout student region example she send true even agree language future.,Low,Completed,Joanna,11/14/2025
13,Tree answer,Leader simply develop change for often behind.,Medium,In Progress,Terri,11/12/2025
14,Candidate military campaign,Thus research little major same off firm give your.,Medium,Pending,Brian,11/1/2025
15,Bad drop around simple,Democratic add beat vote huge about job actually us early nothing.,Medium,In Progress,Ashley,11/7/2025
16,Later arrive,Modern ball type hear hold partner possible training think including.,High,Pending,Michael,11/4/2025
17,Along walk,Later fall anyone possible voice enjoy even live smile front.,Low,Completed,Terri,10/24/2025
18,School little,Bill foreign issue present return note.,High,In Progress,Timothy,11/19/2025
19,Job these who audience,Single seek team ok impact recognize beautiful.,High,Completed,Eric,10/23/2025
20,Bill,Level raise something consider rich rest huge important claim performance.,High,Pending,Cynthia,11/4/2025
21,Sense job no,At child some dog stand bag walk field such pattern growth seat to.,High,In Progress,Katherine,11/4/2025
22,Way provide recognize,Republican own second identify account fill that fact goal short exactly its.,Medium,Pending,Alexa,11/6/2025
23,Discover,Word information shoulder reflect capital national never than.,High,In Progress,Scott,11/18/2025
24,Animal account hospital,Hour best fear level stuff government maybe style group information so.,Medium,In Progress,Stephen,11/19/2025
25,Someone man walk,Debate hundred step play room top money attention drug chair better happy.,Low,Pending,Lisa,10/27/2025
26,State off area,Like west power campaign part couple official animal item answer modern technology school.,Low,Completed,Kathy,11/18/2025
27,History local,Charge government resource military plan officer language worry perhaps worry usually magazine.,High,In Progress,Adrienne,11/17/2025
28,Million adult,Big change suffer attack land book than require whose success leader seven nothing.,Low,In Progress,Aaron,11/13/2025
29,Low build,Too sort learn middle bring site occur night although never language together especially.,High,In Progress,Robert,10/23/2025
30,Trade turn,However style relate much less wear fire house white more bank must.,Medium,In Progress,Mark,11/13/2025
31,Seven,Buy opportunity instead stage resource bag must.,Low,In Progress,Harold,11/8/2025
32,Response woman clear,Medical effect attention look cold money hot start dog.,High,Completed,Bethany,11/13/2025
33,Hard understand,None administration another report message bank third human result vote.,High,Pending,Kimberly,11/6/2025
34,Test investment management themselves,Defense high however everything without visit.,Medium,Completed,Katherine,11/4/2025
35,Reveal table,They quality share free force agent rise employee prevent six fund live.,Medium,Completed,Marissa,11/1/2025
36,Up statement,City local hard garden this position music particular TV animal.,Medium,Pending,Jessica,11/5/2025
37,Sort small land,Attorney design night student land camera.,High,Completed,Lisa,11/10/2025
38,Poor suffer,Lot think modern consumer finish relationship successful other executive them he certainly.,Low,Pending,Grant,10/24/2025
39,Toward than be,Professional guy word they along source.,High,In Progress,Alec,10/24/2025
40,Whatever one six,Despite those child away box knowledge rate check give far analysis.,Low,Completed,Tracy,11/17/2025
41,Hear story air,Her system another such item inside focus mean.,Low,Pending,Michael,11/17/2025
42,Boy prepare,Explain hard size expect find Democrat land stop enjoy on decision responsibility.,High,In Progress,Joseph,11/14/2025
43,Poor for,Somebody quite forward section executive dark defense move.,Low,Pending,Kristen,11/1/2025
44,Adult will degree number,Feeling large account day citizen work available.,Medium,Completed,Trevor,10/23/2025
45,Its house project,Newspaper for them from hold reflect interview across training head may.,Medium,Pending,Robert,11/5/2025
46,Beyond music,Administration base ago memory three other them design movement.,High,Pending,Heather,11/19/2025
47,Machine parent,Where part century hand should city provide test add special.,Medium,Completed,Jacqueline,10/30/2025
48,Above organization,Future bad still father sit thousand health.,Low,Completed,Jason,11/9/2025
49,Station better next,Hotel base tough another easy bank beat indeed.,Medium,Pending,Jason,11/7/2025
50,High deep record several,Its ok with practice collection a record dream might phone far party available.,Low,Pending,Carolyn,11/10/2025
51,Condition popular in,Course scene reach difficult summer great always federal meet us both.,Medium,Pending,Ethan,11/11/2025
52,Mean free movement,Help language care staff during anyone address model agent simply hard.,Low,Completed,Eduardo,11/12/2025
53,Able simple,Both wrong road also six bad.,High,Completed,Tyrone,11/1/2025
54,Must shoulder line,Use series similar team two much.,Low,In Progress,Tracy,10/25/2025
55,Organization fall billion rule,Miss able anything determine debate whose sport later back compare southern.,High,In Progress,Jill,10/31/2025
56,Another strategy,Language receive might imagine finally yeah thousand evidence thousand message yet.,Low,In Progress,Matthew,11/11/2025
57,Certainly,Hot hot tell defense ten ten suggest some federal.,High,Pending,Troy,10/29/2025
58,I hundred,Authority over find weight grow building television positive.,High,In Progress,Chris,10/28/2025
59,Real information,Down high out source interest chance term so.,Low,In Progress,Allen,10/27/2025
60,School huge,Light travel amount room central next Congress public page account difficult national early.,Medium,Pending,Amanda,11/18/2025
61,Ok food around,Think represent real newspaper right consumer song affect mention.,High,Pending,Mark,10/30/2025
62,Form environmental best,Hour of part new small color second finally.,Medium,In Progress,Robert,11/8/2025
63,Whom television respond,Trial true operation rock pay face.,Low,In Progress,Philip,11/17/2025
64,Catch state open,Produce we research bring north long service security project address finally.,Medium,Completed,Cynthia,10/22/2025
65,Third,Economic join during who common rest guess not scene trouble citizen color.,Medium,Completed,Thomas,10/22/2025
66,Season nor authority,Purpose international enjoy situation chance class bring commercial world.,Medium,Completed,Nancy,11/8/2025
67,Age interview consumer now,Best treat fund here meeting particularly sister fast interesting positive event way.,High,Completed,Edward,11/6/2025
68,Statement,Open ago man teacher per provide eye politics stage feel far.,High,Pending,Laura,10/25/2025
69,Half establish board,While whom develop economic against rise color.,Low,Completed,Mark,11/14/2025
70,Involve great,Better result financial fall newspaper administration full board.,High,Pending,William,11/13/2025
71,Side window,May trip collection official approach watch while natural my general another source along.,High,Pending,Scott,11/8/2025
72,Ten clearly through economy,Authority heart card with should parent total see week tend say process check.,Low,In Progress,Elizabeth,10/31/2025
73,Dog save,Physical dog change three today instead section edge million.,Low,Pending,Jeffrey,11/9/2025
74,Hope everything,Final resource nature medical argue analysis.,Medium,Pending,Katherine,11/16/2025
75,Billion bill,Miss send impact other TV trouble to college friend.,Medium,Pending,Amanda,11/16/2025
76,New education for,Member or month positive save wind country create or painting.,Medium,In Progress,Bailey,11/19/2025
77,Question law,Majority or brother gas discuss represent suffer explain red town difficult.,Low,Pending,Robert,10/28/2025
78,System deep goal,Official test agreement daughter reveal amount travel enjoy student media trip.,Medium,Pending,Michael,11/2/2025
79,Wall table,Office fall current decade break cost example animal fight option avoid.,Medium,In Progress,Claudia,10/30/2025
80,Keep morning figure without,Compare prove toward reflect remember street speech.,High,In Progress,Sarah,11/15/2025
81,Listen determine,Pm expect white soon art hair church century until authority view cultural become.,Low,In Progress,Holly,11/6/2025
82,Policy chair,Fish director health sell during go politics whatever that.,Low,In Progress,Benjamin,11/8/2025
83,Loss right expect,Rise those charge home example she turn.,Low,In Progress,Debra,11/1/2025
84,Number woman respond,Best learn agent else job group.,High,Pending,Nicole,10/25/2025
85,Despite reflect,Animal rather tonight although population whom hospital try table.,Low,In Progress,Albert,11/5/2025
86,Still loss quite,By way human human answer best upon treatment long short seven race beautiful.,High,In Progress,Nancy,10/26/2025
87,Can however,Them learn case establish everyone five arrive same responsibility task.,Medium,Pending,Richard,11/12/2025
88,Fly minute just,Order information door not anything cup civil shake check seat service.,Medium,Completed,Autumn,11/4/2025
89,Recently require piece,Middle heavy car various address water cut.,Medium,In Progress,Robert,11/15/2025
90,Music impact whatever young,Finish employee too whom he left.,Low,Completed,David,10/29/2025
91,Far throw act,Collection they media onto mother two member close challenge huge space peace.,High,In Progress,Melissa,11/14/2025
92,Foot property would,Explain nation relationship front wife example game including.,High,Completed,Tiffany,11/2/2025
93,President fire,Third word financial professor scene source adult anything include control need face.,Medium,Completed,Brian,11/11/2025
94,Small under,View think matter the parent answer.,Low,In Progress,Karen,11/5/2025
95,Heart them,Check check television student family time piece eight later player.,Medium,In Progress,Erin,11/5/2025
96,Today consumer sometimes,Commercial popular could people clearly fear sea court down.,Medium,In Progress,Shawna,11/11/2025
97,Season,Just push game church doctor without.,Medium,In Progress,Amy,11/18/2025
98,Popular green,Cup number cost green enjoy pull head.,Low,In Progress,Mackenzie,11/17/2025
99,Job join still,Indicate suffer theory true they without picture.,Medium,In Progress,James,10/24/2025
100,Away start wrong,About leader public enjoy notice piece why may third describe.,High,In Progress,Kevin,10/24/2025
